Workbook

Sheet Sheet1
A1: ID | B1: , | C1: TEXT_KOREA | D1: , | E1: TEXT_CHINA | F1: , | G1: TEXT_ENGLISH | H1: , | I1: TEXT_VIETNAM | K1: ENUM DEFINITION
A2: =ROW(A2)+90000-2 -> 90000 | B2: , | C2: 시작하시겠습니까? | D2: , | E2: 你确定要退出该计划吗? | F2: , | G2: DO YOU WANT TO START? | H2: , | I2: Bạn có muốn START không? | K2: DO_YOU_WANT_TO_START
A3: =ROW(A3)+90000-2 -> 90001 | B3: , | C3: 프로그램을 종료하시겠습니까? | D3: , | E3: DO YOU WANT TO EXIT THE PROGRAM? | F3: , | G3: DO YOU WANT TO EXIT THE PROGRAM? | H3: , | I3: Bạn có muốn kết thúc chương trình không? | K3: DO_YOU_WANT_TO_EXIT_THE_PROGRAM
A4: =ROW(A4)+90000-2 -> 90002 | B4: , | C4: Cell Out 리스트에 등록 하시겠습니까? | D4: , | E4: DO YOU WANT TO REGISTER IN THE CELL OUT LIST? | F4: , | G4: DO YOU WANT TO REGISTER IN THE CELL OUT LIST? | H4: , | I4: Bạn có muốn đăng ký vào CELL OUT LIST không? | K4: DO_YOU_WANT_TO_REGISTER_IN_THE_CELL_OUT_LIST
A5: =ROW(A5)+90000-2 -> 90003 | B5: , | C5: Cell Out 리스트에 삭제 하시겠습니까? | D5: , | E5: DO YOU WANT TO DELETE IT FROM THE CELL OUT LIST? | F5: , | G5: DO YOU WANT TO DELETE IT FROM THE CELL OUT LIST? | H5: , | I5: Bạn có muốn xóa khỏi CELL OUT LIST không? | K5: DO_YOU_WANT_TO_DELETE_IT_FROM_THE_CELL_OUT_LIST
A6: =ROW(A6)+90000-2 -> 90004 | B6: , | C6: 해당 스테이지에서 CELL을 제거해 주세요. | D6: , | E6: REMOVE THE CELL FROM THE STAGE. | F6: , | G6: REMOVE THE CELL FROM THE STAGE. | H6: , | I6: Vui lòng xóa CELL khỏi STAGE. | K6: REMOVE_THE_CELL_FROM_THE_STAGE
A7: =ROW(A7)+90000-2 -> 90005 | B7: , | C7: 해당 스테이지에서 TRAY를 제거해 주세요. | D7: , | E7: REMOVE THE TRAY FROM THE STAGE. | F7: , | G7: REMOVE THE TRAY FROM THE STAGE. | H7: , | I7: Vui lòng xóa TRAY khỏi STAGE. | K7: REMOVE_THE_TRAY_FROM_THE_STAGE
A8: =ROW(A8)+90000-2 -> 90006 | B8: , | C8: Cell Out을 진행하시겠습니까? | D8: , | E8: DO YOU WANT TO RUN CELL OUT? | F8: , | G8: DO YOU WANT TO RUN CELL OUT? | H8: , | I8: Bạn có muốn tiến hành Cell Out không? | K8: DO_YOU_WANT_TO_RUN_CELL_OUT
A9: =ROW(A9)+90000-2 -> 90007 | B9: , | C9: 아이디가 없습니다. | D9: , | E9: THERE IS NOT ID. | F9: , | G9: THERE IS NOT ID. | H9: , | I9: Không có ID. | K9: THERE_IS_NOT_ID
A10: =ROW(A10)+90000-2 -> 90008 | B10: , | C10: 비밀번호가 없습니다. | D10: , | E10: THERE IS NOT PASSWORD. | F10: , | G10: THERE IS NOT PASSWORD. | H10: , | I10: Bạn không có mật khẩu. | K10: THERE_IS_NOT_PASSWORD
A11: =ROW(A11)+90000-2 -> 90009 | B11: , | C11: 유저 아이디가 일치하지 않습니다. | D11: , | E11: USER ID DO NOT MATCH. | F11: , | G11: USER ID DO NOT MATCH. | H11: , | I11: ID người dùng không khớp. | K11: USER_ID_DO_NOT_MATCH
A12: =ROW(A12)+90000-2 -> 90010 | B12: , | C12: 로그인 정보가 일치하지 않습니다. | D12: , | E12: THE LOGIN INFORMATION DOES NOT MATCH. | F12: , | G12: THE LOGIN INFORMATION DOES NOT MATCH. | H12: , | I12: Thông tin đăng nhập không khớp. | K12: THE_LOGIN_INFORMATION_DOES_NOT_MATCH
A13: =ROW(A13)+90000-2 -> 90011 | B13: , | C13: PPID가 없습니다. | D13: , | E13: THERE IS NOT PPID. | F13: , | G13: THERE IS NOT PPID. | H13: , | I13: Thiếu PPID. | K13: THERE_IS_NOT_PPID
... A156: =ROW(A156)+90000-2 -> 90154 | B156: , | C156: 경고!\n\n[{0}]에 운영 모드가 [{1}]로 설정된 상태입니다. | D156: , | E156: Warning!\n\nThe operating mode of [{0}] is set to [{1}]. | F156: , | G156: Warning!\n\nThe operating mode of [{0}] is set to [{1}]. | H156: , | I156: Warning!\n\nChế độ vận hành của [{0}] đã được đặt thành [{1}] | K156: WARNING_DEVICE_OPERATING_MODE_SET_PARAM2

Sheet EnumMaker
U1: /// | V1: /// <summary> | W1: /// </summary> | Y1: ////////////////////////////////////////////////////////////////////////// | Z1: //
A2: =IF(ISBLANK(Sheet1!A2)=TRUE,"",$V$1&CHAR(13)&$U$1&Sheet1!C2&CHAR(13)&$W$1&CHAR(13)&Sheet1!K2&" = "&Sheet1!A2&",") -> /// <summary>_x000D_/// 시작하시겠습니까?_x000D_/// </summary>_x000D_DO_YOU_WANT_TO_START = 90000,
A3: =IF(ISBLANK(Sheet1!A3)=TRUE,"",$V$1&CHAR(13)&$U$1&Sheet1!C3&CHAR(13)&$W$1&CHAR(13)&Sheet1!K3&" = "&Sheet1!A3&",") -> /// <summary>_x000D_/// 프로그램을 종료하시겠습니까?_x000D_/// </summary>_x000D_DO_YOU_WANT_TO_EXIT_THE_PROGRAM = 90001,
A4: =IF(ISBLANK(Sheet1!A4)=TRUE,"",$V$1&CHAR(13)&$U$1&Sheet1!C4&CHAR(13)&$W$1&CHAR(13)&Sheet1!K4&" = "&Sheet1!A4&",") -> /// <summary>_x000D_/// Cell Out 리스트에 등록 하시겠습니까?_x000D_/// </summary>_x000D_DO_YOU_WANT_TO_REGISTER_IN_THE_CELL_OUT_LIST = 90002,
A5: =IF(ISBLANK(Sheet1!A5)=TRUE,"",$V$1&CHAR(13)&$U$1&Sheet1!C5&CHAR(13)&$W$1&CHAR(13)&Sheet1!K5&" = "&Sheet1!A5&",") -> /// <summary>_x000D_/// Cell Out 리스트에 삭제 하시겠습니까?_x000D_/// </summary>_x000D_DO_YOU_WANT_TO_DELETE_IT_FROM_THE_CELL_OUT_LIST = 90003,
A6: =IF(ISBLANK(Sheet1!A6)=TRUE,"",$V$1&CHAR(13)&$U$1&Sheet1!C6&CHAR(13)&$W$1&CHAR(13)&Sheet1!K6&" = "&Sheet1!A6&",") -> /// <summary>_x000D_/// 해당 스테이지에서 CELL을 제거해 주세요._x000D_/// </summary>_x000D_REMOVE_THE_CELL_FROM_THE_STAGE = 90004,
A7: =IF(ISBLANK(Sheet1!A7)=TRUE,"",$V$1&CHAR(13)&$U$1&Sheet1!C7&CHAR(13)&$W$1&CHAR(13)&Sheet1!K7&" = "&Sheet1!A7&",") -> /// <summary>_x000D_/// 해당 스테이지에서 TRAY를 제거해 주세요._x000D_/// </summary>_x000D_REMOVE_THE_TRAY_FROM_THE_STAGE = 90005,
A8: =IF(ISBLANK(Sheet1!A8)=TRUE,"",$V$1&CHAR(13)&$U$1&Sheet1!C8&CHAR(13)&$W$1&CHAR(13)&Sheet1!K8&" = "&Sheet1!A8&",") -> /// <summary>_x000D_/// Cell Out을 진행하시겠습니까?_x000D_/// </summary>_x000D_DO_YOU_WANT_TO_RUN_CELL_OUT = 90006,
A9: =IF(ISBLANK(Sheet1!A9)=TRUE,"",$V$1&CHAR(13)&$U$1&Sheet1!C9&CHAR(13)&$W$1&CHAR(13)&Sheet1!K9&" = "&Sheet1!A9&",") -> /// <summary>_x000D_/// 아이디가 없습니다._x000D_/// </summary>_x000D_THERE_IS_NOT_ID = 90007,
A10: =IF(ISBLANK(Sheet1!A10)=TRUE,"",$V$1&CHAR(13)&$U$1&Sheet1!C10&CHAR(13)&$W$1&CHAR(13)&Sheet1!K10&" = "&Sheet1!A10&",") -> /// <summary>_x000D_/// 비밀번호가 없습니다._x000D_/// </summary>_x000D_THERE_IS_NOT_PASSWORD = 90008,
A11: =IF(ISBLANK(Sheet1!A11)=TRUE,"",$V$1&CHAR(13)&$U$1&Sheet1!C11&CHAR(13)&$W$1&CHAR(13)&Sheet1!K11&" = "&Sheet1!A11&",") -> /// <summary>_x000D_/// 유저 아이디가 일치하지 않습니다._x000D_/// </summary>_x000D_USER_ID_DO_NOT_MATCH = 90009,
A12: =IF(ISBLANK(Sheet1!A12)=TRUE,"",$V$1&CHAR(13)&$U$1&Sheet1!C12&CHAR(13)&$W$1&CHAR(13)&Sheet1!K12&" = "&Sheet1!A12&",") -> /// <summary>_x000D_/// 로그인 정보가 일치하지 않습니다._x000D_/// </summary>_x000D_THE_LOGIN_INFORMATION_DOES_NOT_MATCH = 90010,
A13: =IF(ISBLANK(Sheet1!A13)=TRUE,"",$V$1&CHAR(13)&$U$1&Sheet1!C13&CHAR(13)&$W$1&CHAR(13)&Sheet1!K13&" = "&Sheet1!A13&",") -> /// <summary>_x000D_/// PPID가 없습니다._x000D_/// </summary>_x000D_THERE_IS_NOT_PPID = 90011,
... A250: =IF(ISBLANK(Sheet1!A250)=TRUE,"",$V$1&CHAR(13)&$U$1&Sheet1!C250&CHAR(13)&$W$1&CHAR(13)&Sheet1!K250&" = "&Sheet1!A250&",")
